EmpID,Name,Product,Product_Price,Quantity,Sell_Date,Region,Total_Sale
E0001,Employee_1,Printer,50041.16,2,01-01-2023,South,100082.32
E0002,Employee_2,Laptop,73730.18,5,01-01-2023,West,368650.9
E0003,Employee_3,Laptop,62422.03,5,02-01-2023,West,312110.15
E0004,Employee_4,Printer,38260.15,2,03-01-2023,North,76520.3
E0005,Employee_5,Tablet,66407.3,2,03-01-2023,South,132814.6
E0006,Employee_6,Mobile,48213.02,4,04-01-2023,West,192852.08
E0007,Employee_7,Mobile,27139.76,5,05-01-2023,West,135698.8
E0008,Employee_8,Mobile,21148.62,1,06-01-2023,West,21148.62
E0009,Employee_9,Printer,74900.51,1,06-01-2023,North,74900.51
E0010,Employee_10,Laptop,23756.4,5,07-01-2023,South,118782
E0011,Employee_11,Printer,37162.56,2,08-01-2023,South,74325.12
E0012,Employee_12,Printer,60537.15,3,09-01-2023,East,181611.45
E0013,Employee_13,Camera,46448.27,2,09-01-2023,North,92896.54
E0014,Employee_14,Laptop,54118.7,2,10-01-2023,North,108237.4
E0015,Employee_15,Camera,28238.94,3,11-01-2023,South,84716.82
E0016,Employee_16,Headphones,40555.91,2,11-01-2023,East,81111.82
E0017,Employee_17,Laptop,27351.11,3,12-01-2023,East,82053.33
E0018,Employee_18,Laptop,40028.89,5,13-01-2023,South,200144.45
E0019,Employee_19,Laptop,29676.35,3,14-01-2023,West,89029.05
E0020,Employee_20,Mobile,22151.49,1,14-01-2023,North,22151.49
E0021,Employee_21,Mobile,23813.36,3,15-01-2023,East,71440.08
E0022,Employee_22,Camera,48500.09,2,16-01-2023,West,97000.18
E0023,Employee_23,Camera,70648.37,5,17-01-2023,East,353241.85
E0024,Employee_24,Laptop,45351.7,3,17-01-2023,West,136055.1
E0025,Employee_25,Camera,42296.93,2,18-01-2023,West,84593.86
E0026,Employee_26,Mobile,16902.4,3,19-01-2023,North,50707.2
E0027,Employee_27,Printer,20825.77,5,19-01-2023,East,104128.85
E0028,Employee_28,Printer,33701.39,5,20-01-2023,East,168506.95
E0029,Employee_29,Printer,45303.74,1,21-01-2023,West,45303.74
E0030,Employee_30,Camera,20745.27,5,22-01-2023,South,103726.35
E0031,Employee_31,Headphones,39135.26,2,22-01-2023,East,78270.52
E0032,Employee_32,Mobile,57523.71,5,23-01-2023,North,287618.55
E0033,Employee_33,Headphones,36957.61,5,24-01-2023,South,184788.05
E0034,Employee_34,Camera,3344.97,2,25-01-2023,East,6689.94
E0035,Employee_35,Tablet,24950.38,2,25-01-2023,North,49900.76
E0036,Employee_36,Smartwatch,33543.29,5,26-01-2023,South,167716.45
E0037,Employee_37,Smartwatch,20977.8,5,27-01-2023,East,104889
E0038,Employee_38,Laptop,53788.88,3,28-01-2023,North,161366.64
E0039,Employee_39,Smartwatch,30783.6,5,28-01-2023,South,153918
E0040,Employee_40,Smartwatch,45170.89,1,29-01-2023,East,45170.89
E0041,Employee_41,Mobile,28813.08,1,30-01-2023,South,28813.08
E0042,Employee_42,Printer,79737.25,1,30-01-2023,West,79737.25
E0043,Employee_43,Headphones,44930.3,1,31-01-2023,West,44930.3
E0044,Employee_44,Tablet,29441.22,5,01-02-2023,South,147206.1
E0045,Employee_45,Tablet,37392.13,3,02-02-2023,West,112176.39
E0046,Employee_46,Mobile,25916.59,2,02-02-2023,West,51833.18
E0047,Employee_47,Mobile,19981.97,5,03-02-2023,South,99909.85
E0048,Employee_48,Smartwatch,58260.18,4,04-02-2023,West,233040.72
E0049,Employee_49,Tablet,26612.74,5,05-02-2023,South,133063.7
E0050,Employee_50,Laptop,59944.72,1,05-02-2023,South,59944.72
E0051,Employee_51,Laptop,76168.45,4,06-02-2023,West,304673.8
E0052,Employee_52,Headphones,55832.76,5,07-02-2023,East,279163.8
E0053,Employee_53,Laptop,16940.2,3,07-02-2023,South,50820.6
E0054,Employee_54,Tablet,59611.16,3,08-02-2023,South,178833.48
E0055,Employee_55,Smartwatch,23566.97,4,09-02-2023,East,94267.88
E0056,Employee_56,Tablet,47987.78,2,10-02-2023,West,95975.56
E0057,Employee_57,Camera,61296.22,4,10-02-2023,North,245184.88
E0058,Employee_58,Tablet,48549.68,3,11-02-2023,East,145649.04
E0059,Employee_59,Smartwatch,78479.83,4,12-02-2023,North,313919.32
E0060,Employee_60,Laptop,66945.01,1,13-02-2023,West,66945.01
E0061,Employee_61,Printer,25107.22,1,13-02-2023,South,25107.22
E0062,Employee_62,Headphones,30148.72,2,14-02-2023,South,60297.44
E0063,Employee_63,Camera,25576.87,4,15-02-2023,West,102307.48
E0064,Employee_64,Laptop,57225.44,4,16-02-2023,West,228901.76
E0065,Employee_65,Headphones,11873.47,4,16-02-2023,West,47493.88
E0066,Employee_66,Laptop,5550.22,4,17-02-2023,West,22200.88
E0067,Employee_67,Camera,6253.03,2,18-02-2023,West,12506.06
E0068,Employee_68,Tablet,24786.66,3,18-02-2023,West,74359.98
E0069,Employee_69,Smartwatch,75638.99,5,19-02-2023,West,378194.95
E0070,Employee_70,Printer,51753.83,2,20-02-2023,South,103507.66
E0071,Employee_71,Camera,60717.79,3,21-02-2023,North,182153.37
E0072,Employee_72,Smartwatch,10001.84,3,21-02-2023,North,30005.52
E0073,Employee_73,Tablet,2956.7,3,22-02-2023,South,8870.1
E0074,Employee_74,Camera,24178.47,4,23-02-2023,East,96713.88
E0075,Employee_75,Mobile,39339.71,2,24-02-2023,North,78679.42
E0076,Employee_76,Printer,28575.06,3,24-02-2023,East,85725.18
E0077,Employee_77,Laptop,77308.82,5,25-02-2023,South,386544.1
E0078,Employee_78,Laptop,21693.31,5,26-02-2023,East,108466.55
E0079,Employee_79,Printer,69214.39,1,26-02-2023,South,69214.39
E0080,Employee_80,Mobile,10898.8,3,27-02-2023,West,32696.4
E0081,Employee_81,Smartwatch,7096.79,2,28-02-2023,West,14193.58
E0082,Employee_82,Tablet,40356.23,4,01-03-2023,North,161424.92
E0083,Employee_83,Laptop,47007.65,1,01-03-2023,North,47007.65
E0084,Employee_84,Smartwatch,55543.18,3,02-03-2023,East,166629.54
E0085,Employee_85,Mobile,13834.71,4,03-03-2023,East,55338.84
E0086,Employee_86,Smartwatch,65269.08,2,04-03-2023,North,130538.16
E0087,Employee_87,Laptop,76031.8,2,04-03-2023,West,152063.6
E0088,Employee_88,Headphones,8644.11,1,05-03-2023,South,8644.11
E0089,Employee_89,Tablet,21358.89,1,06-03-2023,West,21358.89
E0090,Employee_90,Headphones,45529.7,3,07-03-2023,North,136589.1
E0091,Employee_91,Printer,34461.57,4,07-03-2023,South,137846.28
E0092,Employee_92,Smartwatch,48497.89,5,08-03-2023,East,242489.45
E0093,Employee_93,Tablet,50236.63,4,09-03-2023,North,200946.52
E0094,Employee_94,Mobile,62504.1,2,09-03-2023,West,125008.2
E0095,Employee_95,Tablet,31669.49,2,10-03-2023,East,63338.98
E0096,Employee_96,Tablet,72863.34,3,11-03-2023,East,218590.02
E0097,Employee_97,Mobile,25193.54,5,12-03-2023,North,125967.7
E0098,Employee_98,Printer,47904.96,3,12-03-2023,West,143714.88
E0099,Employee_99,Tablet,35448.73,2,13-03-2023,North,70897.46
E0100,Employee_100,Printer,46353.1,2,14-03-2023,South,92706.2
E0101,Employee_101,Printer,6697.96,4,15-03-2023,South,26791.84
E0102,Employee_102,Printer,76888.48,5,15-03-2023,East,384442.4
E0103,Employee_103,Laptop,9740.22,4,16-03-2023,West,38960.88
E0104,Employee_104,Camera,61493.49,4,17-03-2023,South,245973.96
E0105,Employee_105,Printer,50790.17,3,17-03-2023,South,152370.51
E0106,Employee_106,Mobile,22642.4,4,18-03-2023,South,90569.6
E0107,Employee_107,Camera,8332.62,1,19-03-2023,South,8332.62
E0108,Employee_108,Printer,20709.48,1,20-03-2023,North,20709.48
E0109,Employee_109,Mobile,45055.4,4,20-03-2023,East,180221.6
E0110,Employee_110,Mobile,14209.54,5,21-03-2023,East,71047.7
E0111,Employee_111,Headphones,33864.37,4,22-03-2023,South,135457.48
E0112,Employee_112,Headphones,55770.95,2,23-03-2023,East,111541.9
E0113,Employee_113,Tablet,38653.17,2,23-03-2023,East,77306.34
E0114,Employee_114,Printer,4545.91,5,24-03-2023,East,22729.55
E0115,Employee_115,Printer,24472.18,3,25-03-2023,East,73416.54
E0116,Employee_116,Camera,24052.03,1,26-03-2023,North,24052.03
E0117,Employee_117,Mobile,69049.33,1,26-03-2023,South,69049.33
E0118,Employee_118,Printer,7552.02,3,27-03-2023,West,22656.06
E0119,Employee_119,Tablet,20207.06,4,28-03-2023,North,80828.24
E0120,Employee_120,Smartwatch,22635.26,5,28-03-2023,East,113176.3
E0121,Employee_121,Smartwatch,63717.32,4,29-03-2023,South,254869.28
E0122,Employee_122,Smartwatch,48003.59,3,30-03-2023,South,144010.77
E0123,Employee_123,Laptop,64704.64,5,31-03-2023,South,323523.2
E0124,Employee_124,Mobile,17429.9,1,31-03-2023,South,17429.9
E0125,Employee_125,Smartwatch,10952.55,1,01-04-2023,East,10952.55
E0126,Employee_126,Laptop,19535.14,4,02-04-2023,South,78140.56
E0127,Employee_127,Smartwatch,13621.17,2,03-04-2023,West,27242.34
E0128,Employee_128,Tablet,22719.33,3,03-04-2023,West,68157.99
E0129,Employee_129,Headphones,13094.43,3,04-04-2023,South,39283.29
E0130,Employee_130,Tablet,6651.77,4,05-04-2023,East,26607.08
E0131,Employee_131,Laptop,63825.03,3,05-04-2023,West,191475.09
E0132,Employee_132,Mobile,48413.43,1,06-04-2023,West,48413.43
E0133,Employee_133,Camera,66290.74,4,07-04-2023,West,265162.96
E0134,Employee_134,Printer,73853.02,1,08-04-2023,North,73853.02
E0135,Employee_135,Tablet,36253.97,5,08-04-2023,North,181269.85
E0136,Employee_136,Mobile,38558.44,5,09-04-2023,West,192792.2
E0137,Employee_137,Printer,25719.11,2,10-04-2023,East,51438.22
E0138,Employee_138,Headphones,33395.66,3,11-04-2023,East,100186.98
E0139,Employee_139,Headphones,23235.2,5,11-04-2023,West,116176
E0140,Employee_140,Printer,44118.56,3,12-04-2023,West,132355.68
E0141,Employee_141,Headphones,36145.19,1,13-04-2023,East,36145.19
E0142,Employee_142,Mobile,48646.86,4,14-04-2023,North,194587.44
E0143,Employee_143,Tablet,71374.99,5,14-04-2023,North,356874.95
E0144,Employee_144,Mobile,59293.65,4,15-04-2023,West,237174.6
E0145,Employee_145,Mobile,49089.66,5,16-04-2023,East,245448.3
E0146,Employee_146,Printer,4017.46,3,16-04-2023,North,12052.38
E0147,Employee_147,Camera,19856.1,5,17-04-2023,West,99280.5
E0148,Employee_148,Camera,54595.27,5,18-04-2023,South,272976.35
E0149,Employee_149,Tablet,69120.32,1,19-04-2023,West,69120.32
E0150,Employee_150,Printer,47795.59,2,19-04-2023,South,95591.18
E0151,Employee_151,Camera,3618.15,1,20-04-2023,West,3618.15
E0152,Employee_152,Headphones,61651.31,4,21-04-2023,East,246605.24
E0153,Employee_153,Camera,66070.86,3,22-04-2023,East,198212.58
E0154,Employee_154,Headphones,46947.26,3,22-04-2023,East,140841.78
E0155,Employee_155,Tablet,61522.5,5,23-04-2023,East,307612.5
E0156,Employee_156,Mobile,15664.88,3,24-04-2023,South,46994.64
E0157,Employee_157,Mobile,42479.18,2,24-04-2023,West,84958.36
E0158,Employee_158,Camera,36493.89,2,25-04-2023,East,72987.78
E0159,Employee_159,Headphones,23696.21,5,26-04-2023,North,118481.05
E0160,Employee_160,Laptop,79761.75,5,27-04-2023,North,398808.75
E0161,Employee_161,Smartwatch,35999.03,4,27-04-2023,North,143996.12
E0162,Employee_162,Laptop,65511.11,5,28-04-2023,West,327555.55
E0163,Employee_163,Smartwatch,77586.31,1,29-04-2023,North,77586.31
E0164,Employee_164,Laptop,38660.81,1,30-04-2023,North,38660.81
E0165,Employee_165,Mobile,33851.15,1,30-04-2023,South,33851.15
E0166,Employee_166,Printer,27042.54,2,01-05-2023,West,54085.08
E0167,Employee_167,Mobile,10158.79,3,02-05-2023,West,30476.37
E0168,Employee_168,Smartwatch,14544.34,4,03-05-2023,North,58177.36
E0169,Employee_169,Printer,34108.32,5,03-05-2023,West,170541.6
E0170,Employee_170,Headphones,40646.58,4,04-05-2023,South,162586.32
E0171,Employee_171,Camera,53681.52,2,05-05-2023,South,107363.04
E0172,Employee_172,Laptop,33235.28,5,05-05-2023,East,166176.4
E0173,Employee_173,Headphones,61318.98,5,06-05-2023,South,306594.9
E0174,Employee_174,Headphones,4862.38,2,07-05-2023,East,9724.76
E0175,Employee_175,Camera,8868.66,3,08-05-2023,North,26605.98
E0176,Employee_176,Headphones,21687.11,5,08-05-2023,East,108435.55
E0177,Employee_177,Camera,11041.88,3,09-05-2023,East,33125.64
E0178,Employee_178,Tablet,62258.74,2,10-05-2023,North,124517.48
E0179,Employee_179,Camera,69463.03,4,11-05-2023,East,277852.12
E0180,Employee_180,Smartwatch,66344.32,5,11-05-2023,South,331721.6
E0181,Employee_181,Laptop,2089.78,3,12-05-2023,North,6269.34
E0182,Employee_182,Printer,69810.66,5,13-05-2023,West,349053.3
E0183,Employee_183,Printer,38034.15,3,13-05-2023,East,114102.45
E0184,Employee_184,Laptop,6227.92,5,14-05-2023,South,31139.6
E0185,Employee_185,Printer,42438.27,5,15-05-2023,West,212191.35
E0186,Employee_186,Camera,50565.44,5,16-05-2023,North,252827.2
E0187,Employee_187,Smartwatch,40882.46,4,16-05-2023,North,163529.84
E0188,Employee_188,Tablet,36479.19,5,17-05-2023,North,182395.95
E0189,Employee_189,Smartwatch,6025.72,3,18-05-2023,South,18077.16
E0190,Employee_190,Printer,22830.39,4,19-05-2023,West,91321.56
E0191,Employee_191,Tablet,12219.03,1,19-05-2023,North,12219.03
E0192,Employee_192,Laptop,24466.27,3,20-05-2023,South,73398.81
E0193,Employee_193,Tablet,70706.04,3,21-05-2023,South,212118.12
E0194,Employee_194,Headphones,39807.52,1,22-05-2023,West,39807.52
E0195,Employee_195,Mobile,4251.82,4,22-05-2023,North,17007.28
E0196,Employee_196,Headphones,51141.74,5,23-05-2023,North,255708.7
E0197,Employee_197,Laptop,64346.47,3,24-05-2023,East,193039.41
E0198,Employee_198,Printer,57363.06,1,24-05-2023,North,57363.06
E0199,Employee_199,Printer,26238.51,5,25-05-2023,West,131192.55
E0200,Employee_200,Tablet,3066.61,4,26-05-2023,South,12266.44
E0201,Employee_201,Camera,33823.27,3,27-05-2023,West,101469.81
E0202,Employee_202,Smartwatch,19526.65,5,27-05-2023,North,97633.25
E0203,Employee_203,Mobile,67629.64,5,28-05-2023,South,338148.2
E0204,Employee_204,Camera,10849.97,2,29-05-2023,West,21699.94
E0205,Employee_205,Laptop,75870.74,1,30-05-2023,North,75870.74
E0206,Employee_206,Smartwatch,52521.36,5,30-05-2023,North,262606.8
E0207,Employee_207,Printer,14009.75,4,31-05-2023,North,56039
E0208,Employee_208,Tablet,74746.94,2,01-06-2023,East,149493.88
E0209,Employee_209,Smartwatch,24765.2,5,01-06-2023,East,123826
E0210,Employee_210,Printer,57022.11,5,02-06-2023,East,285110.55
E0211,Employee_211,Camera,34408.25,4,03-06-2023,South,137633
E0212,Employee_212,Camera,39634.97,2,04-06-2023,West,79269.94
E0213,Employee_213,Mobile,38833.14,2,04-06-2023,South,77666.28
E0214,Employee_214,Mobile,37629.34,1,05-06-2023,South,37629.34
E0215,Employee_215,Tablet,13282.07,5,06-06-2023,North,66410.35
E0216,Employee_216,Smartwatch,16867.61,1,07-06-2023,North,16867.61
E0217,Employee_217,Mobile,48751.45,2,07-06-2023,South,97502.9
E0218,Employee_218,Camera,60210.82,1,08-06-2023,West,60210.82
E0219,Employee_219,Smartwatch,12647.65,4,09-06-2023,East,50590.6
E0220,Employee_220,Camera,7445.19,3,10-06-2023,South,22335.57
E0221,Employee_221,Laptop,62268.66,4,10-06-2023,South,249074.64
E0222,Employee_222,Camera,68644.17,2,11-06-2023,West,137288.34
E0223,Employee_223,Tablet,28510.27,4,12-06-2023,West,114041.08
E0224,Employee_224,Headphones,63441.96,2,12-06-2023,South,126883.92
E0225,Employee_225,Laptop,22839.47,4,13-06-2023,North,91357.88
E0226,Employee_226,Laptop,2200.09,5,14-06-2023,North,11000.45
E0227,Employee_227,Tablet,58631.98,5,15-06-2023,South,293159.9
E0228,Employee_228,Smartwatch,67323.12,4,15-06-2023,North,269292.48
E0229,Employee_229,Smartwatch,47234.02,1,16-06-2023,West,47234.02
E0230,Employee_230,Tablet,53475.38,2,17-06-2023,East,106950.76
E0231,Employee_231,Mobile,69490.33,5,18-06-2023,West,347451.65
E0232,Employee_232,Laptop,36830.7,2,18-06-2023,East,73661.4
E0233,Employee_233,Mobile,39778.63,5,19-06-2023,South,198893.15
E0234,Employee_234,Camera,27930.32,3,20-06-2023,South,83790.96
E0235,Employee_235,Laptop,61504.07,4,20-06-2023,East,246016.28
E0236,Employee_236,Laptop,31422.38,5,21-06-2023,North,157111.9
E0237,Employee_237,Printer,74762.48,4,22-06-2023,South,299049.92
E0238,Employee_238,Headphones,69828.93,3,23-06-2023,East,209486.79
E0239,Employee_239,Smartwatch,78500.42,2,23-06-2023,North,157000.84
E0240,Employee_240,Laptop,20626.83,4,24-06-2023,East,82507.32
E0241,Employee_241,Smartwatch,31871.73,5,25-06-2023,South,159358.65
E0242,Employee_242,Camera,68769.01,3,26-06-2023,South,206307.03
E0243,Employee_243,Smartwatch,34040.46,5,26-06-2023,West,170202.3
E0244,Employee_244,Mobile,26817.75,3,27-06-2023,East,80453.25
E0245,Employee_245,Mobile,38892.15,3,28-06-2023,North,116676.45
E0246,Employee_246,Printer,73247.55,5,29-06-2023,South,366237.75
E0247,Employee_247,Headphones,31736.03,4,29-06-2023,West,126944.12
E0248,Employee_248,Camera,79096.29,2,30-06-2023,West,158192.58
E0249,Employee_249,Mobile,63806.71,2,01-07-2023,North,127613.42
E0250,Employee_250,Tablet,52857.48,3,01-07-2023,South,158572.44
E0251,Employee_251,Camera,13864.21,5,02-07-2023,West,69321.05
E0252,Employee_252,Smartwatch,77256.31,3,03-07-2023,North,231768.93
E0253,Employee_253,Camera,11847.21,2,04-07-2023,North,23694.42
E0254,Employee_254,Headphones,77297.58,3,04-07-2023,East,231892.74
E0255,Employee_255,Mobile,27895.59,3,05-07-2023,East,83686.77
E0256,Employee_256,Camera,9828.44,2,06-07-2023,South,19656.88
E0257,Employee_257,Smartwatch,67913.08,4,07-07-2023,West,271652.32
E0258,Employee_258,Printer,9777.51,3,07-07-2023,West,29332.53
E0259,Employee_259,Printer,73014.45,4,08-07-2023,East,292057.8
E0260,Employee_260,Mobile,3197.11,3,09-07-2023,South,9591.33
E0261,Employee_261,Printer,13244.12,5,09-07-2023,West,66220.6
E0262,Employee_262,Tablet,69932.77,3,10-07-2023,North,209798.31
E0263,Employee_263,Headphones,77656.63,3,11-07-2023,North,232969.89
E0264,Employee_264,Printer,7836.6,1,12-07-2023,North,7836.6
E0265,Employee_265,Printer,62958.97,5,12-07-2023,North,314794.85
E0266,Employee_266,Tablet,22671.78,5,13-07-2023,East,113358.9
E0267,Employee_267,Headphones,50614.23,4,14-07-2023,South,202456.92
E0268,Employee_268,Camera,33003.7,4,15-07-2023,North,132014.8
E0269,Employee_269,Headphones,8264.6,3,15-07-2023,North,24793.8
E0270,Employee_270,Laptop,27628.12,2,16-07-2023,West,55256.24
E0271,Employee_271,Mobile,54599.88,3,17-07-2023,East,163799.64
E0272,Employee_272,Mobile,43622.54,1,18-07-2023,West,43622.54
E0273,Employee_273,Laptop,76422.89,3,18-07-2023,West,229268.67
E0274,Employee_274,Tablet,50890.34,1,19-07-2023,West,50890.34
E0275,Employee_275,Laptop,71220.22,3,20-07-2023,North,213660.66
E0276,Employee_276,Camera,40059.9,4,20-07-2023,South,160239.6
E0277,Employee_277,Camera,44199.25,3,21-07-2023,East,132597.75
E0278,Employee_278,Mobile,50161.84,4,22-07-2023,North,200647.36
E0279,Employee_279,Camera,20312.08,2,23-07-2023,East,40624.16
E0280,Employee_280,Mobile,55383.17,2,23-07-2023,North,110766.34
E0281,Employee_281,Laptop,24415.56,5,24-07-2023,South,122077.8
E0282,Employee_282,Laptop,19743.93,3,25-07-2023,South,59231.79
E0283,Employee_283,Printer,9049.59,5,26-07-2023,East,45247.95
E0284,Employee_284,Printer,78310.34,3,26-07-2023,West,234931.02
E0285,Employee_285,Laptop,61308.84,2,27-07-2023,North,122617.68
E0286,Employee_286,Mobile,56903.48,1,28-07-2023,East,56903.48
E0287,Employee_287,Laptop,9839.56,5,28-07-2023,West,49197.8
E0288,Employee_288,Laptop,14976.45,5,29-07-2023,South,74882.25
E0289,Employee_289,Smartwatch,25358.35,2,30-07-2023,North,50716.7
E0290,Employee_290,Tablet,4257.89,2,31-07-2023,South,8515.78
E0291,Employee_291,Laptop,27301.22,1,31-07-2023,North,27301.22
E0292,Employee_292,Camera,6377.3,5,01-08-2023,West,31886.5
E0293,Employee_293,Mobile,29960.14,2,02-08-2023,North,59920.28
E0294,Employee_294,Tablet,35593.57,2,03-08-2023,West,71187.14
E0295,Employee_295,Printer,21047.4,1,03-08-2023,North,21047.4
E0296,Employee_296,Headphones,34140.04,1,04-08-2023,East,34140.04
E0297,Employee_297,Mobile,55180.43,4,05-08-2023,South,220721.72
E0298,Employee_298,Camera,16044.44,3,06-08-2023,North,48133.32
E0299,Employee_299,Mobile,15655.41,4,06-08-2023,North,62621.64
E0300,Employee_300,Printer,49540.36,1,07-08-2023,South,49540.36
E0301,Employee_301,Camera,31838.46,2,08-08-2023,North,63676.92
E0302,Employee_302,Camera,55284.5,1,08-08-2023,South,55284.5
E0303,Employee_303,Headphones,40818.05,5,09-08-2023,West,204090.25
E0304,Employee_304,Mobile,47486.26,2,10-08-2023,East,94972.52
E0305,Employee_305,Smartwatch,20110.7,4,11-08-2023,East,80442.8
E0306,Employee_306,Headphones,51756.56,4,11-08-2023,South,207026.24
E0307,Employee_307,Smartwatch,37846.5,4,12-08-2023,East,151386
E0308,Employee_308,Headphones,54013.58,2,13-08-2023,South,108027.16
E0309,Employee_309,Mobile,72114.87,3,14-08-2023,East,216344.61
E0310,Employee_310,Laptop,38289.75,3,14-08-2023,North,114869.25
E0311,Employee_311,Laptop,24435.27,3,15-08-2023,North,73305.81
E0312,Employee_312,Printer,44634.65,1,16-08-2023,East,44634.65
E0313,Employee_313,Headphones,7761.23,1,16-08-2023,West,7761.23
E0314,Employee_314,Tablet,75728.38,5,17-08-2023,East,378641.9
E0315,Employee_315,Headphones,79036.83,2,18-08-2023,North,158073.66
E0316,Employee_316,Headphones,25334.03,5,19-08-2023,East,126670.15
E0317,Employee_317,Headphones,77038.27,1,19-08-2023,North,77038.27
E0318,Employee_318,Smartwatch,55844.45,2,20-08-2023,West,111688.9
E0319,Employee_319,Printer,37633.19,4,21-08-2023,West,150532.76
E0320,Employee_320,Laptop,25565.49,2,22-08-2023,East,51130.98
E0321,Employee_321,Printer,79951.14,1,22-08-2023,North,79951.14
E0322,Employee_322,Printer,68560.17,4,23-08-2023,West,274240.68
E0323,Employee_323,Printer,10318.95,4,24-08-2023,South,41275.8
E0324,Employee_324,Laptop,31746.42,2,25-08-2023,East,63492.84
E0325,Employee_325,Laptop,29998.81,3,25-08-2023,South,89996.43
E0326,Employee_326,Headphones,25078.05,1,26-08-2023,East,25078.05
E0327,Employee_327,Printer,56543.77,1,27-08-2023,North,56543.77
E0328,Employee_328,Tablet,3711.29,3,27-08-2023,North,11133.87
E0329,Employee_329,Smartwatch,66742.93,5,28-08-2023,South,333714.65
E0330,Employee_330,Smartwatch,32872.85,5,29-08-2023,North,164364.25
E0331,Employee_331,Laptop,2631.64,1,30-08-2023,North,2631.64
E0332,Employee_332,Mobile,69475.26,3,30-08-2023,North,208425.78
E0333,Employee_333,Mobile,62708.31,3,31-08-2023,South,188124.93
E0334,Employee_334,Mobile,77941.02,4,01-09-2023,North,311764.08
E0335,Employee_335,Camera,73028.12,5,02-09-2023,West,365140.6
E0336,Employee_336,Headphones,60123.43,5,02-09-2023,East,300617.15
E0337,Employee_337,Mobile,66961.43,4,03-09-2023,West,267845.72
E0338,Employee_338,Headphones,72428.92,2,04-09-2023,South,144857.84
E0339,Employee_339,Mobile,62507.8,5,04-09-2023,South,312539
E0340,Employee_340,Tablet,19949.23,4,05-09-2023,North,79796.92
E0341,Employee_341,Headphones,64550.69,3,06-09-2023,West,193652.07
E0342,Employee_342,Mobile,19082.35,2,07-09-2023,South,38164.7
E0343,Employee_343,Smartwatch,16830.3,1,07-09-2023,East,16830.3
E0344,Employee_344,Laptop,21548.89,3,08-09-2023,South,64646.67
E0345,Employee_345,Headphones,60935.03,2,09-09-2023,West,121870.06
E0346,Employee_346,Smartwatch,61862.72,4,10-09-2023,East,247450.88
E0347,Employee_347,Smartwatch,55106.7,3,10-09-2023,East,165320.1
E0348,Employee_348,Smartwatch,12668.78,2,11-09-2023,North,25337.56
E0349,Employee_349,Camera,9578.79,1,12-09-2023,East,9578.79
E0350,Employee_350,Laptop,50941.73,3,13-09-2023,North,152825.19
E0351,Employee_351,Laptop,5074.96,3,13-09-2023,North,15224.88
E0352,Employee_352,Printer,63511.62,5,14-09-2023,South,317558.1
E0353,Employee_353,Camera,4602.43,2,15-09-2023,South,9204.86
E0354,Employee_354,Smartwatch,30459.18,2,15-09-2023,North,60918.36
E0355,Employee_355,Laptop,12250.12,5,16-09-2023,West,61250.6
E0356,Employee_356,Laptop,72950.97,4,17-09-2023,North,291803.88
E0357,Employee_357,Smartwatch,27484.09,4,18-09-2023,West,109936.36
E0358,Employee_358,Smartwatch,34409.24,5,18-09-2023,East,172046.2
E0359,Employee_359,Mobile,17661.99,3,19-09-2023,East,52985.97
E0360,Employee_360,Mobile,63348,1,20-09-2023,East,63348
E0361,Employee_361,Headphones,70363.93,4,21-09-2023,North,281455.72
E0362,Employee_362,Headphones,30536.89,1,21-09-2023,West,30536.89
E0363,Employee_363,Headphones,41139.99,2,22-09-2023,North,82279.98
E0364,Employee_364,Mobile,23257.13,2,23-09-2023,East,46514.26
E0365,Employee_365,Smartwatch,14834.46,4,23-09-2023,South,59337.84
E0366,Employee_366,Headphones,73295.82,3,24-09-2023,East,219887.46
E0367,Employee_367,Laptop,75646.65,2,25-09-2023,East,151293.3
E0368,Employee_368,Mobile,77455.96,1,26-09-2023,South,77455.96
E0369,Employee_369,Headphones,25021.03,3,26-09-2023,West,75063.09
E0370,Employee_370,Laptop,69890.96,4,27-09-2023,East,279563.84
E0371,Employee_371,Headphones,64730.14,2,28-09-2023,West,129460.28
E0372,Employee_372,Tablet,38529.85,4,29-09-2023,South,154119.4
E0373,Employee_373,Smartwatch,7873.35,3,29-09-2023,South,23620.05
E0374,Employee_374,Smartwatch,60823.82,3,30-09-2023,South,182471.46
E0375,Employee_375,Headphones,19597.95,3,01-10-2023,North,58793.85
E0376,Employee_376,Tablet,54753.25,5,02-10-2023,West,273766.25
E0377,Employee_377,Headphones,54603.69,5,02-10-2023,North,273018.45
E0378,Employee_378,Printer,32998.1,1,03-10-2023,South,32998.1
E0379,Employee_379,Printer,67968.07,3,04-10-2023,East,203904.21
E0380,Employee_380,Smartwatch,45470.38,3,04-10-2023,North,136411.14
E0381,Employee_381,Camera,9043.62,2,05-10-2023,East,18087.24
E0382,Employee_382,Printer,32776.82,1,06-10-2023,North,32776.82
E0383,Employee_383,Printer,22627.77,1,07-10-2023,West,22627.77
E0384,Employee_384,Headphones,11639.92,4,07-10-2023,East,46559.68
E0385,Employee_385,Mobile,30749.68,3,08-10-2023,North,92249.04
E0386,Employee_386,Mobile,60422.91,2,09-10-2023,South,120845.82
E0387,Employee_387,Tablet,22448.59,4,10-10-2023,South,89794.36
E0388,Employee_388,Mobile,31719.99,5,10-10-2023,West,158599.95
E0389,Employee_389,Laptop,51806.84,3,11-10-2023,West,155420.52
E0390,Employee_390,Camera,30974.94,1,12-10-2023,North,30974.94
E0391,Employee_391,Printer,54637.25,3,12-10-2023,South,163911.75
E0392,Employee_392,Camera,38775.2,3,13-10-2023,East,116325.6
E0393,Employee_393,Laptop,50324.66,5,14-10-2023,North,251623.3
E0394,Employee_394,Printer,75567.19,2,15-10-2023,North,151134.38
E0395,Employee_395,Tablet,27584.49,2,15-10-2023,South,55168.98
E0396,Employee_396,Laptop,49586.41,2,16-10-2023,West,99172.82
E0397,Employee_397,Laptop,52516.89,4,17-10-2023,East,210067.56
E0398,Employee_398,Camera,51561.51,2,18-10-2023,West,103123.02
E0399,Employee_399,Headphones,38212.87,4,18-10-2023,North,152851.48
E0400,Employee_400,Camera,56684.02,5,19-10-2023,North,283420.1
E0401,Employee_401,Smartwatch,52640.68,3,20-10-2023,South,157922.04
E0402,Employee_402,Camera,11100.72,4,21-10-2023,West,44402.88
E0403,Employee_403,Mobile,5537.05,5,21-10-2023,North,27685.25
E0404,Employee_404,Laptop,4902.55,4,22-10-2023,North,19610.2
E0405,Employee_405,Camera,79682.34,5,23-10-2023,West,398411.7
E0406,Employee_406,Laptop,11057.4,2,23-10-2023,South,22114.8
E0407,Employee_407,Smartwatch,20314.4,2,24-10-2023,South,40628.8
E0408,Employee_408,Mobile,43928.64,5,25-10-2023,East,219643.2
E0409,Employee_409,Laptop,32314.37,1,26-10-2023,East,32314.37
E0410,Employee_410,Camera,30938.9,5,26-10-2023,East,154694.5
E0411,Employee_411,Laptop,76051.7,4,27-10-2023,West,304206.8
E0412,Employee_412,Printer,56325.75,5,28-10-2023,East,281628.75
E0413,Employee_413,Smartwatch,44135.01,3,29-10-2023,East,132405.03
E0414,Employee_414,Mobile,47812.55,1,29-10-2023,West,47812.55
E0415,Employee_415,Headphones,58674.73,5,30-10-2023,East,293373.65
E0416,Employee_416,Laptop,71062.28,1,31-10-2023,South,71062.28
E0417,Employee_417,Camera,53083.91,1,31-10-2023,North,53083.91
E0418,Employee_418,Mobile,67028.06,5,01-11-2023,South,335140.3
E0419,Employee_419,Camera,50020.87,5,02-11-2023,South,250104.35
E0420,Employee_420,Camera,75246.14,2,03-11-2023,North,150492.28
E0421,Employee_421,Laptop,23819.73,5,03-11-2023,South,119098.65
E0422,Employee_422,Camera,55841.89,5,04-11-2023,North,279209.45
E0423,Employee_423,Laptop,18947.04,2,05-11-2023,South,37894.08
E0424,Employee_424,Headphones,36686.28,2,06-11-2023,West,73372.56
E0425,Employee_425,Printer,20416.79,3,06-11-2023,West,61250.37
E0426,Employee_426,Camera,30289.51,5,07-11-2023,East,151447.55
E0427,Employee_427,Camera,78512.36,4,08-11-2023,West,314049.44
E0428,Employee_428,Camera,30652.13,1,09-11-2023,North,30652.13
E0429,Employee_429,Tablet,72332.3,2,09-11-2023,East,144664.6
E0430,Employee_430,Tablet,52296.49,5,10-11-2023,South,261482.45
E0431,Employee_431,Mobile,6722.91,4,11-11-2023,West,26891.64
E0432,Employee_432,Printer,23518.75,1,11-11-2023,East,23518.75
E0433,Employee_433,Printer,77520.14,5,12-11-2023,West,387600.7
E0434,Employee_434,Tablet,76022.84,4,13-11-2023,East,304091.36
E0435,Employee_435,Mobile,66286.9,1,14-11-2023,North,66286.9
E0436,Employee_436,Tablet,9150.53,4,14-11-2023,North,36602.12
E0437,Employee_437,Headphones,18544.25,2,15-11-2023,South,37088.5
E0438,Employee_438,Mobile,51880.45,5,16-11-2023,East,259402.25
E0439,Employee_439,Printer,77745.28,4,17-11-2023,North,310981.12
E0440,Employee_440,Printer,5945.12,4,17-11-2023,South,23780.48
E0441,Employee_441,Tablet,28013.71,5,18-11-2023,East,140068.55
E0442,Employee_442,Headphones,79128.03,1,19-11-2023,South,79128.03
E0443,Employee_443,Tablet,63384.29,5,19-11-2023,North,316921.45
E0444,Employee_444,Smartwatch,18006.03,4,20-11-2023,South,72024.12
E0445,Employee_445,Laptop,66725.79,3,21-11-2023,East,200177.37
E0446,Employee_446,Laptop,45228.21,1,22-11-2023,West,45228.21
E0447,Employee_447,Headphones,47737.88,4,22-11-2023,North,190951.52
E0448,Employee_448,Camera,65418.13,3,23-11-2023,East,196254.39
E0449,Employee_449,Camera,20173.9,1,24-11-2023,East,20173.9
E0450,Employee_450,Laptop,62400.75,2,25-11-2023,South,124801.5
E0451,Employee_451,Laptop,63514.21,5,25-11-2023,North,317571.05
E0452,Employee_452,Camera,48486.57,1,26-11-2023,West,48486.57
E0453,Employee_453,Mobile,23627.44,1,27-11-2023,West,23627.44
E0454,Employee_454,Camera,78754.19,4,28-11-2023,South,315016.76
E0455,Employee_455,Tablet,79027.13,3,28-11-2023,North,237081.39
E0456,Employee_456,Mobile,44136.81,1,29-11-2023,West,44136.81
E0457,Employee_457,Tablet,64284.08,5,30-11-2023,North,321420.4
E0458,Employee_458,Laptop,10574.26,1,30-11-2023,South,10574.26
E0459,Employee_459,Mobile,69582.94,1,01-12-2023,North,69582.94
E0460,Employee_460,Tablet,12280.65,4,02-12-2023,North,49122.6
E0461,Employee_461,Tablet,29942.9,1,03-12-2023,North,29942.9
E0462,Employee_462,Mobile,63497.66,3,03-12-2023,South,190492.98
E0463,Employee_463,Headphones,47930.53,4,04-12-2023,South,191722.12
E0464,Employee_464,Smartwatch,3230.92,2,05-12-2023,South,6461.84
E0465,Employee_465,Camera,22698.67,2,06-12-2023,West,45397.34
E0466,Employee_466,Printer,11887.17,4,06-12-2023,East,47548.68
E0467,Employee_467,Tablet,34834.92,3,07-12-2023,North,104504.76
E0468,Employee_468,Camera,10864.65,4,08-12-2023,East,43458.6
E0469,Employee_469,Smartwatch,6957.53,4,08-12-2023,North,27830.12
E0470,Employee_470,Printer,36965.47,4,09-12-2023,North,147861.88
E0471,Employee_471,Camera,30239.04,4,10-12-2023,North,120956.16
E0472,Employee_472,Laptop,48305.95,1,11-12-2023,South,48305.95
E0473,Employee_473,Printer,37256.42,5,11-12-2023,West,186282.1
E0474,Employee_474,Smartwatch,19280.88,2,12-12-2023,South,38561.76
E0475,Employee_475,Camera,49978.33,3,13-12-2023,North,149934.99
E0476,Employee_476,Tablet,58724.95,1,14-12-2023,East,58724.95
E0477,Employee_477,Printer,72882.63,2,14-12-2023,North,145765.26
E0478,Employee_478,Laptop,53394.44,5,15-12-2023,North,266972.2
E0479,Employee_479,Mobile,25527.17,4,16-12-2023,West,102108.68
E0480,Employee_480,Tablet,52180.57,5,17-12-2023,North,260902.85
E0481,Employee_481,Laptop,4429.75,2,17-12-2023,South,8859.5
E0482,Employee_482,Laptop,79889.77,2,18-12-2023,West,159779.54
E0483,Employee_483,Printer,68089.29,1,19-12-2023,West,68089.29
E0484,Employee_484,Camera,35249.34,1,19-12-2023,West,35249.34
E0485,Employee_485,Mobile,10421.02,3,20-12-2023,North,31263.06
E0486,Employee_486,Tablet,57567.3,4,21-12-2023,West,230269.2
E0487,Employee_487,Tablet,36597.86,5,22-12-2023,West,182989.3
E0488,Employee_488,Camera,72142.81,4,22-12-2023,South,288571.24
E0489,Employee_489,Mobile,27124.72,5,23-12-2023,East,135623.6
E0490,Employee_490,Printer,13570.04,4,24-12-2023,South,54280.16
E0491,Employee_491,Tablet,11842.94,2,25-12-2023,South,23685.88
E0492,Employee_492,Mobile,50696.76,2,25-12-2023,East,101393.52
E0493,Employee_493,Printer,47658.45,4,26-12-2023,East,190633.8
E0494,Employee_494,Printer,57547.92,3,27-12-2023,West,172643.76
E0495,Employee_495,Smartwatch,31710.54,2,27-12-2023,South,63421.08
E0496,Employee_496,Tablet,48596.56,3,28-12-2023,North,145789.68
E0497,Employee_497,Camera,25002.02,2,29-12-2023,South,50004.04
E0498,Employee_498,Headphones,41432.98,1,30-12-2023,East,41432.98
E0499,Employee_499,Tablet,35555.55,1,30-12-2023,West,35555.55
E0500,Employee_500,Smartwatch,63861.5,4,31-12-2023,West,255446
E0501,Employee_501,Laptop,10924.3,5,01-01-2024,West,54621.5
E0502,Employee_502,Laptop,53067.61,1,02-01-2024,North,53067.61
E0503,Employee_503,Printer,70461.08,2,02-01-2024,North,140922.16
E0504,Employee_504,Headphones,45004.15,2,03-01-2024,East,90008.3
E0505,Employee_505,Smartwatch,69508.4,1,04-01-2024,West,69508.4
E0506,Employee_506,Tablet,35545.46,1,05-01-2024,South,35545.46
E0507,Employee_507,Laptop,71271.1,5,05-01-2024,West,356355.5
E0508,Employee_508,Laptop,34277.46,1,06-01-2024,South,34277.46
E0509,Employee_509,Tablet,66538.7,4,07-01-2024,South,266154.8
E0510,Employee_510,Smartwatch,33100.95,5,07-01-2024,North,165504.75
E0511,Employee_511,Mobile,58909.78,1,08-01-2024,West,58909.78
E0512,Employee_512,Printer,26378.77,2,09-01-2024,East,52757.54
E0513,Employee_513,Tablet,26376.84,1,10-01-2024,West,26376.84
E0514,Employee_514,Mobile,21881.4,4,10-01-2024,West,87525.6
E0515,Employee_515,Printer,76380.22,4,11-01-2024,East,305520.88
E0516,Employee_516,Headphones,55572.04,2,12-01-2024,East,111144.08
E0517,Employee_517,Camera,38992.9,5,13-01-2024,West,194964.5
E0518,Employee_518,Printer,9115.53,2,13-01-2024,East,18231.06
E0519,Employee_519,Headphones,8658.42,1,14-01-2024,South,8658.42
E0520,Employee_520,Camera,35686.37,2,15-01-2024,North,71372.74
E0521,Employee_521,Laptop,60077.94,5,15-01-2024,East,300389.7
E0522,Employee_522,Laptop,31066.46,3,16-01-2024,South,93199.38
E0523,Employee_523,Laptop,12149.01,2,17-01-2024,North,24298.02
E0524,Employee_524,Printer,6678.52,5,18-01-2024,East,33392.6
E0525,Employee_525,Mobile,76616.72,3,18-01-2024,North,229850.16
E0526,Employee_526,Camera,45811.3,5,19-01-2024,West,229056.5
E0527,Employee_527,Laptop,54261.03,5,20-01-2024,East,271305.15
E0528,Employee_528,Smartwatch,34043.07,3,21-01-2024,South,102129.21
E0529,Employee_529,Tablet,70141.38,2,21-01-2024,South,140282.76
E0530,Employee_530,Camera,75408.13,3,22-01-2024,North,226224.39
E0531,Employee_531,Camera,34989.07,2,23-01-2024,South,69978.14
E0532,Employee_532,Mobile,73435.81,5,24-01-2024,South,367179.05
E0533,Employee_533,Headphones,6012.79,2,24-01-2024,East,12025.58
E0534,Employee_534,Mobile,24435.09,4,25-01-2024,North,97740.36
E0535,Employee_535,Laptop,26371.01,3,26-01-2024,South,79113.03
E0536,Employee_536,Tablet,10080.84,3,26-01-2024,West,30242.52
E0537,Employee_537,Tablet,41578.18,1,27-01-2024,East,41578.18
E0538,Employee_538,Smartwatch,14068.95,5,28-01-2024,South,70344.75
E0539,Employee_539,Smartwatch,39610.77,5,29-01-2024,South,198053.85
E0540,Employee_540,Laptop,68087.44,2,29-01-2024,South,136174.88
E0541,Employee_541,Tablet,29308.89,4,30-01-2024,East,117235.56
E0542,Employee_542,Mobile,45388.71,5,31-01-2024,East,226943.55
E0543,Employee_543,Printer,10961.05,4,01-02-2024,North,43844.2
E0544,Employee_544,Mobile,23728.32,1,01-02-2024,East,23728.32
E0545,Employee_545,Printer,19640.41,3,02-02-2024,South,58921.23
E0546,Employee_546,Laptop,35470.77,4,03-02-2024,South,141883.08
E0547,Employee_547,Tablet,45755.32,5,03-02-2024,West,228776.6
E0548,Employee_548,Smartwatch,61859.74,3,04-02-2024,East,185579.22
E0549,Employee_549,Camera,50494.46,4,05-02-2024,South,201977.84
E0550,Employee_550,Smartwatch,54648.18,4,06-02-2024,West,218592.72
E0551,Employee_551,Headphones,45425.7,2,06-02-2024,North,90851.4
E0552,Employee_552,Camera,49501.6,3,07-02-2024,North,148504.8
E0553,Employee_553,Printer,53310.84,4,08-02-2024,North,213243.36
E0554,Employee_554,Mobile,56090.75,2,09-02-2024,South,112181.5
E0555,Employee_555,Mobile,4258.35,5,09-02-2024,South,21291.75
E0556,Employee_556,Smartwatch,23315.09,4,10-02-2024,North,93260.36
E0557,Employee_557,Mobile,61467.94,2,11-02-2024,West,122935.88
E0558,Employee_558,Smartwatch,73879.93,2,12-02-2024,North,147759.86
E0559,Employee_559,Smartwatch,29379.83,3,12-02-2024,East,88139.49
E0560,Employee_560,Mobile,16149.63,2,13-02-2024,South,32299.26
E0561,Employee_561,Headphones,13173.62,4,14-02-2024,South,52694.48
E0562,Employee_562,Laptop,53272.88,1,14-02-2024,East,53272.88
E0563,Employee_563,Mobile,7427.66,5,15-02-2024,South,37138.3
E0564,Employee_564,Printer,59795.59,4,16-02-2024,East,239182.36
E0565,Employee_565,Tablet,77801.2,4,17-02-2024,North,311204.8
E0566,Employee_566,Smartwatch,9157.1,5,17-02-2024,North,45785.5
E0567,Employee_567,Headphones,43377.65,5,18-02-2024,South,216888.25
E0568,Employee_568,Smartwatch,31343.16,2,19-02-2024,South,62686.32
E0569,Employee_569,Printer,37384.37,4,20-02-2024,North,149537.48
E0570,Employee_570,Smartwatch,14277.92,2,20-02-2024,East,28555.84
E0571,Employee_571,Printer,26307.71,3,21-02-2024,North,78923.13
E0572,Employee_572,Smartwatch,27301.87,2,22-02-2024,East,54603.74
E0573,Employee_573,Mobile,75429.78,3,22-02-2024,West,226289.34
E0574,Employee_574,Tablet,48505.45,1,23-02-2024,North,48505.45
E0575,Employee_575,Mobile,70900.69,4,24-02-2024,East,283602.76
E0576,Employee_576,Smartwatch,14135.23,3,25-02-2024,East,42405.69
E0577,Employee_577,Printer,60846,1,25-02-2024,East,60846
E0578,Employee_578,Laptop,5881.47,5,26-02-2024,South,29407.35
E0579,Employee_579,Headphones,8363.36,2,27-02-2024,South,16726.72
E0580,Employee_580,Smartwatch,36562.81,1,28-02-2024,West,36562.81
E0581,Employee_581,Laptop,35073.15,3,28-02-2024,West,105219.45
E0582,Employee_582,Smartwatch,49351.93,4,29-02-2024,East,197407.72
E0583,Employee_583,Headphones,34306.33,5,01-03-2024,South,171531.65
E0584,Employee_584,Mobile,18814.38,5,02-03-2024,East,94071.9
E0585,Employee_585,Mobile,41963.01,1,02-03-2024,South,41963.01
E0586,Employee_586,Smartwatch,28923.48,1,03-03-2024,South,28923.48
E0587,Employee_587,Headphones,10649.4,2,04-03-2024,West,21298.8
E0588,Employee_588,Tablet,54901,5,04-03-2024,East,274505
E0589,Employee_589,Tablet,48264.47,5,05-03-2024,East,241322.35
E0590,Employee_590,Smartwatch,43100.86,2,06-03-2024,South,86201.72
E0591,Employee_591,Smartwatch,26056.71,4,07-03-2024,South,104226.84
E0592,Employee_592,Smartwatch,19200.44,2,07-03-2024,North,38400.88
E0593,Employee_593,Mobile,78786.76,3,08-03-2024,West,236360.28
E0594,Employee_594,Mobile,6272.99,3,09-03-2024,North,18818.97
E0595,Employee_595,Laptop,17945,1,10-03-2024,South,17945
E0596,Employee_596,Printer,75735.28,2,10-03-2024,East,151470.56
E0597,Employee_597,Mobile,61853.26,2,11-03-2024,South,123706.52
E0598,Employee_598,Headphones,61604.55,1,12-03-2024,North,61604.55
E0599,Employee_599,Tablet,24576.88,4,12-03-2024,West,98307.52
E0600,Employee_600,Tablet,11358.78,2,13-03-2024,South,22717.56
E0601,Employee_601,Smartwatch,40796.06,5,14-03-2024,East,203980.3
E0602,Employee_602,Laptop,35591.09,2,15-03-2024,North,71182.18
E0603,Employee_603,Smartwatch,12076.48,4,15-03-2024,South,48305.92
E0604,Employee_604,Tablet,43541.42,2,16-03-2024,East,87082.84
E0605,Employee_605,Tablet,19948.64,5,17-03-2024,East,99743.2
E0606,Employee_606,Printer,45580.44,3,18-03-2024,South,136741.32
E0607,Employee_607,Camera,54107.76,3,18-03-2024,North,162323.28
E0608,Employee_608,Headphones,29625.04,4,19-03-2024,East,118500.16
E0609,Employee_609,Printer,32971.55,4,20-03-2024,West,131886.2
E0610,Employee_610,Smartwatch,59879.22,5,21-03-2024,North,299396.1
E0611,Employee_611,Camera,36025.13,3,21-03-2024,East,108075.39
E0612,Employee_612,Tablet,37860.83,3,22-03-2024,South,113582.49
E0613,Employee_613,Laptop,8073.28,3,23-03-2024,South,24219.84
E0614,Employee_614,Laptop,26418.73,3,23-03-2024,North,79256.19
E0615,Employee_615,Tablet,35484.17,5,24-03-2024,East,177420.85
E0616,Employee_616,Mobile,33544.98,4,25-03-2024,East,134179.92
E0617,Employee_617,Camera,51931.05,4,26-03-2024,North,207724.2
E0618,Employee_618,Tablet,24582.19,1,26-03-2024,North,24582.19
E0619,Employee_619,Laptop,33592.52,4,27-03-2024,North,134370.08
E0620,Employee_620,Laptop,77363.58,3,28-03-2024,West,232090.74
E0621,Employee_621,Camera,15406.11,2,29-03-2024,West,30812.22
E0622,Employee_622,Headphones,75913.92,3,29-03-2024,West,227741.76
E0623,Employee_623,Tablet,37887.56,3,30-03-2024,South,113662.68
E0624,Employee_624,Printer,55789.58,4,31-03-2024,West,223158.32
E0625,Employee_625,Smartwatch,30224.51,1,31-03-2024,West,30224.51
E0626,Employee_626,Tablet,36063.52,5,01-04-2024,West,180317.6
E0627,Employee_627,Headphones,10257.32,2,02-04-2024,East,20514.64
E0628,Employee_628,Camera,35982.77,2,03-04-2024,West,71965.54
E0629,Employee_629,Camera,33235.09,1,03-04-2024,North,33235.09
E0630,Employee_630,Laptop,8134.47,3,04-04-2024,West,24403.41
E0631,Employee_631,Headphones,69900.9,5,05-04-2024,South,349504.5
E0632,Employee_632,Camera,60172.78,5,06-04-2024,South,300863.9
E0633,Employee_633,Mobile,19282.62,5,06-04-2024,West,96413.1
E0634,Employee_634,Tablet,62771.19,4,07-04-2024,North,251084.76
E0635,Employee_635,Laptop,7957.59,3,08-04-2024,North,23872.77
E0636,Employee_636,Printer,51391.52,2,09-04-2024,East,102783.04
E0637,Employee_637,Headphones,43387.18,2,09-04-2024,North,86774.36
E0638,Employee_638,Laptop,17124.49,3,10-04-2024,East,51373.47
E0639,Employee_639,Camera,62545.8,2,11-04-2024,East,125091.6
E0640,Employee_640,Smartwatch,29385.78,4,11-04-2024,North,117543.12
E0641,Employee_641,Camera,76741.42,5,12-04-2024,North,383707.1
E0642,Employee_642,Printer,52344.55,2,13-04-2024,East,104689.1
E0643,Employee_643,Printer,13519.81,4,14-04-2024,South,54079.24
E0644,Employee_644,Printer,10018.75,5,14-04-2024,West,50093.75
E0645,Employee_645,Printer,21965.52,3,15-04-2024,South,65896.56
E0646,Employee_646,Printer,15532.92,3,16-04-2024,North,46598.76
E0647,Employee_647,Mobile,13923.84,4,17-04-2024,North,55695.36
E0648,Employee_648,Tablet,61213.89,4,17-04-2024,East,244855.56
E0649,Employee_649,Headphones,7877.56,4,18-04-2024,West,31510.24
E0650,Employee_650,Laptop,76200.79,2,19-04-2024,North,152401.58
E0651,Employee_651,Printer,50980,3,19-04-2024,West,152940
E0652,Employee_652,Tablet,38188.34,2,20-04-2024,South,76376.68
E0653,Employee_653,Camera,45971.37,2,21-04-2024,West,91942.74
E0654,Employee_654,Tablet,47198.51,5,22-04-2024,South,235992.55
E0655,Employee_655,Printer,55128.41,4,22-04-2024,North,220513.64
E0656,Employee_656,Smartwatch,70799.76,2,23-04-2024,North,141599.52
E0657,Employee_657,Laptop,52153.36,5,24-04-2024,East,260766.8
E0658,Employee_658,Printer,78949.49,1,25-04-2024,South,78949.49
E0659,Employee_659,Tablet,27210.24,5,25-04-2024,South,136051.2
E0660,Employee_660,Camera,77735.9,1,26-04-2024,West,77735.9
E0661,Employee_661,Tablet,26658.83,1,27-04-2024,East,26658.83
E0662,Employee_662,Printer,36301.5,1,28-04-2024,East,36301.5
E0663,Employee_663,Headphones,38575.84,1,28-04-2024,East,38575.84
E0664,Employee_664,Tablet,51248.04,4,29-04-2024,South,204992.16
E0665,Employee_665,Headphones,64113.71,2,30-04-2024,North,128227.42
E0666,Employee_666,Printer,48130.74,2,30-04-2024,North,96261.48
E0667,Employee_667,Tablet,29451.49,1,01-05-2024,West,29451.49
E0668,Employee_668,Camera,7786.87,2,02-05-2024,West,15573.74
E0669,Employee_669,Mobile,38015.91,1,03-05-2024,South,38015.91
E0670,Employee_670,Mobile,4933.37,2,03-05-2024,North,9866.74
E0671,Employee_671,Headphones,30761.53,5,04-05-2024,East,153807.65
E0672,Employee_672,Printer,24392.01,4,05-05-2024,North,97568.04
E0673,Employee_673,Headphones,52283.98,3,06-05-2024,West,156851.94
E0674,Employee_674,Printer,78234.75,1,06-05-2024,North,78234.75
E0675,Employee_675,Printer,9043.13,5,07-05-2024,East,45215.65
E0676,Employee_676,Mobile,48338.23,5,08-05-2024,West,241691.15
E0677,Employee_677,Camera,31989.63,4,08-05-2024,South,127958.52
E0678,Employee_678,Camera,47265.69,4,09-05-2024,North,189062.76
E0679,Employee_679,Tablet,76430.06,1,10-05-2024,North,76430.06
E0680,Employee_680,Headphones,59635.84,1,11-05-2024,South,59635.84
E0681,Employee_681,Camera,5199.77,5,11-05-2024,South,25998.85
E0682,Employee_682,Smartwatch,72905.9,5,12-05-2024,East,364529.5
E0683,Employee_683,Laptop,46589.22,4,13-05-2024,North,186356.88
E0684,Employee_684,Tablet,16682.68,1,14-05-2024,West,16682.68
E0685,Employee_685,Tablet,49190.46,1,14-05-2024,North,49190.46
E0686,Employee_686,Mobile,41106.65,5,15-05-2024,East,205533.25
E0687,Employee_687,Headphones,76702.34,3,16-05-2024,West,230107.02
E0688,Employee_688,Smartwatch,37140.8,5,17-05-2024,West,185704
E0689,Employee_689,Camera,65255.41,3,17-05-2024,West,195766.23
E0690,Employee_690,Camera,67315.42,1,18-05-2024,East,67315.42
E0691,Employee_691,Printer,78626.08,5,19-05-2024,North,393130.4
E0692,Employee_692,Tablet,8577.67,4,19-05-2024,West,34310.68
E0693,Employee_693,Headphones,52397.91,2,20-05-2024,South,104795.82
E0694,Employee_694,Headphones,5053.09,1,21-05-2024,East,5053.09
E0695,Employee_695,Headphones,57194.49,1,22-05-2024,West,57194.49
E0696,Employee_696,Printer,79296.91,5,22-05-2024,East,396484.55
E0697,Employee_697,Mobile,42877.35,2,23-05-2024,South,85754.7
E0698,Employee_698,Camera,49564.82,2,24-05-2024,West,99129.64
E0699,Employee_699,Headphones,30384.04,2,25-05-2024,North,60768.08
E0700,Employee_700,Smartwatch,73599.07,5,25-05-2024,East,367995.35
E0701,Employee_701,Smartwatch,32218.49,5,26-05-2024,West,161092.45
E0702,Employee_702,Printer,62408.25,3,27-05-2024,West,187224.75
E0703,Employee_703,Mobile,54954.02,3,27-05-2024,East,164862.06
E0704,Employee_704,Printer,6084.51,3,28-05-2024,South,18253.53
E0705,Employee_705,Laptop,51209.15,4,29-05-2024,East,204836.6
E0706,Employee_706,Tablet,28102.65,1,30-05-2024,North,28102.65
E0707,Employee_707,Camera,27715.88,3,30-05-2024,South,83147.64
E0708,Employee_708,Printer,45521.13,4,31-05-2024,North,182084.52
E0709,Employee_709,Printer,32152.01,4,01-06-2024,North,128608.04
E0710,Employee_710,Camera,21655.67,5,02-06-2024,East,108278.35
E0711,Employee_711,Tablet,68422.17,2,02-06-2024,West,136844.34
E0712,Employee_712,Laptop,77223.98,2,03-06-2024,South,154447.96
E0713,Employee_713,Smartwatch,49010.66,3,04-06-2024,North,147031.98
E0714,Employee_714,Smartwatch,13729.12,1,05-06-2024,West,13729.12
E0715,Employee_715,Mobile,8357.16,1,05-06-2024,West,8357.16
E0716,Employee_716,Printer,53761.74,1,06-06-2024,West,53761.74
E0717,Employee_717,Tablet,73506.22,4,07-06-2024,South,294024.88
E0718,Employee_718,Mobile,26198.08,4,07-06-2024,West,104792.32
E0719,Employee_719,Smartwatch,53172.27,4,08-06-2024,East,212689.08
E0720,Employee_720,Mobile,53646.54,5,09-06-2024,North,268232.7
E0721,Employee_721,Mobile,12058.23,4,10-06-2024,West,48232.92
E0722,Employee_722,Laptop,57289.05,1,10-06-2024,North,57289.05
E0723,Employee_723,Laptop,8608.08,1,11-06-2024,South,8608.08
E0724,Employee_724,Mobile,45595.92,2,12-06-2024,North,91191.84
E0725,Employee_725,Headphones,52192.47,1,13-06-2024,West,52192.47
E0726,Employee_726,Camera,27621.17,4,13-06-2024,South,110484.68
E0727,Employee_727,Smartwatch,11967.91,4,14-06-2024,South,47871.64
E0728,Employee_728,Smartwatch,56820.81,3,15-06-2024,South,170462.43
E0729,Employee_729,Laptop,75874.47,5,15-06-2024,South,379372.35
E0730,Employee_730,Headphones,79778.8,1,16-06-2024,South,79778.8
E0731,Employee_731,Headphones,73170.94,5,17-06-2024,North,365854.7
E0732,Employee_732,Printer,9289.33,1,18-06-2024,West,9289.33
E0733,Employee_733,Camera,54295.57,2,18-06-2024,North,108591.14
E0734,Employee_734,Mobile,41662.1,2,19-06-2024,West,83324.2
E0735,Employee_735,Printer,3421.98,5,20-06-2024,South,17109.9
E0736,Employee_736,Printer,26091.55,4,21-06-2024,South,104366.2
E0737,Employee_737,Headphones,76191.21,3,21-06-2024,East,228573.63
E0738,Employee_738,Headphones,28655.12,1,22-06-2024,East,28655.12
E0739,Employee_739,Headphones,61760.18,1,23-06-2024,North,61760.18
E0740,Employee_740,Mobile,16976.41,3,24-06-2024,North,50929.23
E0741,Employee_741,Mobile,79998.18,5,24-06-2024,West,399990.9
E0742,Employee_742,Printer,14085.72,5,25-06-2024,West,70428.6
E0743,Employee_743,Printer,25071.78,1,26-06-2024,East,25071.78
E0744,Employee_744,Laptop,63473.37,2,26-06-2024,East,126946.74
E0745,Employee_745,Smartwatch,41599.8,3,27-06-2024,West,124799.4
E0746,Employee_746,Smartwatch,44102.12,1,28-06-2024,North,44102.12
E0747,Employee_747,Smartwatch,59614.23,2,29-06-2024,West,119228.46
E0748,Employee_748,Laptop,43069.47,5,29-06-2024,North,215347.35
E0749,Employee_749,Smartwatch,53630.48,2,30-06-2024,West,107260.96
E0750,Employee_750,Headphones,70358.64,4,01-07-2024,South,281434.56
E0751,Employee_751,Mobile,50206.45,1,02-07-2024,South,50206.45
E0752,Employee_752,Mobile,48585.22,3,02-07-2024,North,145755.66
E0753,Employee_753,Smartwatch,14031.72,2,03-07-2024,North,28063.44
E0754,Employee_754,Printer,16105.99,5,04-07-2024,North,80529.95
E0755,Employee_755,Camera,56041.96,2,04-07-2024,East,112083.92
E0756,Employee_756,Headphones,50729.76,5,05-07-2024,East,253648.8
E0757,Employee_757,Laptop,72407.17,4,06-07-2024,West,289628.68
E0758,Employee_758,Camera,58252.27,5,07-07-2024,East,291261.35
E0759,Employee_759,Mobile,5408.01,3,07-07-2024,West,16224.03
E0760,Employee_760,Smartwatch,30415.35,4,08-07-2024,West,121661.4
E0761,Employee_761,Laptop,58127.68,2,09-07-2024,West,116255.36
E0762,Employee_762,Headphones,77627.91,1,10-07-2024,North,77627.91
E0763,Employee_763,Mobile,49626.44,5,10-07-2024,South,248132.2
E0764,Employee_764,Smartwatch,60686.51,3,11-07-2024,East,182059.53
E0765,Employee_765,Headphones,63136.43,1,12-07-2024,West,63136.43
E0766,Employee_766,Printer,20252.23,1,13-07-2024,South,20252.23
E0767,Employee_767,Camera,20655.14,4,13-07-2024,West,82620.56
E0768,Employee_768,Camera,77316.54,2,14-07-2024,North,154633.08
E0769,Employee_769,Camera,63180.88,1,15-07-2024,West,63180.88
E0770,Employee_770,Tablet,72510,3,15-07-2024,East,217530
E0771,Employee_771,Smartwatch,17133.26,5,16-07-2024,South,85666.3
E0772,Employee_772,Headphones,54907.93,5,17-07-2024,North,274539.65
E0773,Employee_773,Camera,46492.71,5,18-07-2024,West,232463.55
E0774,Employee_774,Smartwatch,36366.6,4,18-07-2024,East,145466.4
E0775,Employee_775,Printer,62016.21,3,19-07-2024,East,186048.63
E0776,Employee_776,Camera,62693.67,1,20-07-2024,North,62693.67
E0777,Employee_777,Headphones,41226.72,3,21-07-2024,East,123680.16
E0778,Employee_778,Smartwatch,34655.54,4,21-07-2024,East,138622.16
E0779,Employee_779,Camera,14640.54,4,22-07-2024,East,58562.16
E0780,Employee_780,Headphones,17576.42,2,23-07-2024,East,35152.84
E0781,Employee_781,Mobile,49163.75,3,23-07-2024,West,147491.25
E0782,Employee_782,Printer,70094.15,5,24-07-2024,North,350470.75
E0783,Employee_783,Smartwatch,6070.02,4,25-07-2024,South,24280.08
E0784,Employee_784,Headphones,39486.07,4,26-07-2024,South,157944.28
E0785,Employee_785,Headphones,30954.54,2,26-07-2024,East,61909.08
E0786,Employee_786,Tablet,74874.9,5,27-07-2024,West,374374.5
E0787,Employee_787,Smartwatch,57489.28,4,28-07-2024,East,229957.12
E0788,Employee_788,Mobile,42240.93,1,29-07-2024,East,42240.93
E0789,Employee_789,Smartwatch,11724.87,5,29-07-2024,West,58624.35
E0790,Employee_790,Printer,8542.26,3,30-07-2024,North,25626.78
E0791,Employee_791,Tablet,14504.36,2,31-07-2024,South,29008.72
E0792,Employee_792,Smartwatch,37046.9,1,01-08-2024,West,37046.9
E0793,Employee_793,Smartwatch,42041.51,1,01-08-2024,South,42041.51
E0794,Employee_794,Camera,66821.64,3,02-08-2024,West,200464.92
E0795,Employee_795,Headphones,9153.66,2,03-08-2024,West,18307.32
E0796,Employee_796,Printer,73019.39,4,03-08-2024,East,292077.56
E0797,Employee_797,Mobile,65702.85,2,04-08-2024,North,131405.7
E0798,Employee_798,Tablet,71001.12,4,05-08-2024,South,284004.48
E0799,Employee_799,Headphones,74576.81,3,06-08-2024,North,223730.43
E0800,Employee_800,Laptop,34361.96,3,06-08-2024,East,103085.88
E0801,Employee_801,Printer,32923.41,1,07-08-2024,West,32923.41
E0802,Employee_802,Tablet,31169,1,08-08-2024,South,31169
E0803,Employee_803,Mobile,32120.96,1,09-08-2024,North,32120.96
E0804,Employee_804,Tablet,8365.22,3,09-08-2024,South,25095.66
E0805,Employee_805,Tablet,19514.02,4,10-08-2024,South,78056.08
E0806,Employee_806,Tablet,26857.42,3,11-08-2024,South,80572.26
E0807,Employee_807,Camera,9728.48,3,11-08-2024,North,29185.44
E0808,Employee_808,Laptop,57746.93,1,12-08-2024,South,57746.93
E0809,Employee_809,Mobile,28152.65,2,13-08-2024,North,56305.3
E0810,Employee_810,Mobile,13391.85,1,14-08-2024,West,13391.85
E0811,Employee_811,Mobile,4987.65,2,14-08-2024,North,9975.3
E0812,Employee_812,Headphones,73556.9,4,15-08-2024,East,294227.6
E0813,Employee_813,Printer,38851.48,4,16-08-2024,South,155405.92
E0814,Employee_814,Mobile,66826.62,5,17-08-2024,East,334133.1
E0815,Employee_815,Printer,61189.61,5,17-08-2024,East,305948.05
E0816,Employee_816,Mobile,38590.59,5,18-08-2024,West,192952.95
E0817,Employee_817,Laptop,49997.16,4,19-08-2024,West,199988.64
E0818,Employee_818,Headphones,72656.88,1,20-08-2024,North,72656.88
E0819,Employee_819,Headphones,3482.3,1,20-08-2024,North,3482.3
E0820,Employee_820,Tablet,18821.07,1,21-08-2024,South,18821.07
E0821,Employee_821,Camera,13662.53,3,22-08-2024,East,40987.59
E0822,Employee_822,Headphones,75337.62,5,22-08-2024,West,376688.1
E0823,Employee_823,Headphones,49492.65,1,23-08-2024,West,49492.65
E0824,Employee_824,Laptop,35013.87,5,24-08-2024,South,175069.35
E0825,Employee_825,Mobile,62541.47,5,25-08-2024,West,312707.35
E0826,Employee_826,Smartwatch,20535.94,3,25-08-2024,East,61607.82
E0827,Employee_827,Headphones,11504.17,4,26-08-2024,East,46016.68
E0828,Employee_828,Headphones,20598.28,1,27-08-2024,South,20598.28
E0829,Employee_829,Smartwatch,51838.24,3,28-08-2024,East,155514.72
E0830,Employee_830,Camera,50579.22,4,28-08-2024,North,202316.88
E0831,Employee_831,Printer,6898.96,4,29-08-2024,East,27595.84
E0832,Employee_832,Laptop,67261.64,1,30-08-2024,North,67261.64
E0833,Employee_833,Smartwatch,40986.68,5,30-08-2024,West,204933.4
E0834,Employee_834,Smartwatch,43812.2,2,31-08-2024,North,87624.4
E0835,Employee_835,Camera,51292.49,5,01-09-2024,South,256462.45
E0836,Employee_836,Headphones,46853.7,5,02-09-2024,South,234268.5
E0837,Employee_837,Headphones,58046.46,2,02-09-2024,South,116092.92
E0838,Employee_838,Laptop,24719.22,4,03-09-2024,South,98876.88
E0839,Employee_839,Tablet,2122.02,2,04-09-2024,South,4244.04
E0840,Employee_840,Tablet,29519.65,2,05-09-2024,East,59039.3
E0841,Employee_841,Smartwatch,46511.77,3,05-09-2024,West,139535.31
E0842,Employee_842,Headphones,16610.49,3,06-09-2024,North,49831.47
E0843,Employee_843,Smartwatch,54120.76,3,07-09-2024,North,162362.28
E0844,Employee_844,Smartwatch,42831.8,4,08-09-2024,West,171327.2
E0845,Employee_845,Headphones,30127.09,2,08-09-2024,South,60254.18
E0846,Employee_846,Camera,76365.49,1,09-09-2024,South,76365.49
E0847,Employee_847,Printer,44438.39,2,10-09-2024,North,88876.78
E0848,Employee_848,Printer,63340.16,4,10-09-2024,South,253360.64
E0849,Employee_849,Camera,41594.56,3,11-09-2024,East,124783.68
E0850,Employee_850,Smartwatch,3586.08,4,12-09-2024,East,14344.32
E0851,Employee_851,Camera,70119.85,3,13-09-2024,East,210359.55
E0852,Employee_852,Mobile,5395.69,4,13-09-2024,West,21582.76
E0853,Employee_853,Headphones,32176.74,1,14-09-2024,West,32176.74
E0854,Employee_854,Mobile,31117.59,3,15-09-2024,East,93352.77
E0855,Employee_855,Tablet,60290.69,3,16-09-2024,West,180872.07
E0856,Employee_856,Headphones,29853.32,2,16-09-2024,East,59706.64
E0857,Employee_857,Headphones,7269.65,4,17-09-2024,South,29078.6
E0858,Employee_858,Laptop,20807.82,5,18-09-2024,West,104039.1
E0859,Employee_859,Headphones,53254.14,5,18-09-2024,East,266270.7
E0860,Employee_860,Tablet,10085.78,2,19-09-2024,West,20171.56
E0861,Employee_861,Printer,47388.46,4,20-09-2024,North,189553.84
E0862,Employee_862,Printer,61020.96,1,21-09-2024,North,61020.96
E0863,Employee_863,Smartwatch,12405.95,2,21-09-2024,East,24811.9
E0864,Employee_864,Headphones,29479.33,3,22-09-2024,East,88437.99
E0865,Employee_865,Printer,28406.69,1,23-09-2024,East,28406.69
E0866,Employee_866,Mobile,52138.06,4,24-09-2024,North,208552.24
E0867,Employee_867,Smartwatch,66769.93,3,24-09-2024,West,200309.79
E0868,Employee_868,Headphones,55405.24,5,25-09-2024,North,277026.2
E0869,Employee_869,Mobile,78503.9,4,26-09-2024,East,314015.6
E0870,Employee_870,Camera,39325.43,3,27-09-2024,East,117976.29
E0871,Employee_871,Camera,16217.68,4,27-09-2024,East,64870.72
E0872,Employee_872,Laptop,12518.5,3,28-09-2024,East,37555.5
E0873,Employee_873,Headphones,57851.51,4,29-09-2024,East,231406.04
E0874,Employee_874,Camera,75601.2,5,29-09-2024,East,378006
E0875,Employee_875,Camera,4884.74,2,30-09-2024,South,9769.48
E0876,Employee_876,Printer,17724.1,3,01-10-2024,South,53172.3
E0877,Employee_877,Laptop,63706.52,3,02-10-2024,South,191119.56
E0878,Employee_878,Laptop,71091.65,5,02-10-2024,North,355458.25
E0879,Employee_879,Printer,26616.47,2,03-10-2024,West,53232.94
E0880,Employee_880,Headphones,26185.92,4,04-10-2024,East,104743.68
E0881,Employee_881,Mobile,33061.48,3,05-10-2024,South,99184.44
E0882,Employee_882,Smartwatch,65601.67,2,05-10-2024,North,131203.34
E0883,Employee_883,Headphones,38925.18,4,06-10-2024,West,155700.72
E0884,Employee_884,Mobile,4856.42,3,07-10-2024,East,14569.26
E0885,Employee_885,Laptop,52458.24,3,07-10-2024,East,157374.72
E0886,Employee_886,Tablet,24316.65,4,08-10-2024,West,97266.6
E0887,Employee_887,Headphones,69246.81,5,09-10-2024,West,346234.05
E0888,Employee_888,Tablet,5728.71,2,10-10-2024,West,11457.42
E0889,Employee_889,Mobile,53147.05,3,10-10-2024,North,159441.15
E0890,Employee_890,Headphones,23310.9,4,11-10-2024,South,93243.6
E0891,Employee_891,Tablet,64348.71,3,12-10-2024,East,193046.13
E0892,Employee_892,Tablet,36082.21,4,13-10-2024,South,144328.84
E0893,Employee_893,Smartwatch,33201.7,3,13-10-2024,West,99605.1
E0894,Employee_894,Headphones,36299.46,1,14-10-2024,East,36299.46
E0895,Employee_895,Tablet,76605.34,5,15-10-2024,East,383026.7
E0896,Employee_896,Smartwatch,28444.86,2,16-10-2024,South,56889.72
E0897,Employee_897,Smartwatch,16571.74,5,16-10-2024,South,82858.7
E0898,Employee_898,Headphones,55981.34,5,17-10-2024,East,279906.7
E0899,Employee_899,Tablet,30653.06,2,18-10-2024,North,61306.12
E0900,Employee_900,Smartwatch,64188.69,5,18-10-2024,West,320943.45
E0901,Employee_901,Laptop,22804.21,1,19-10-2024,South,22804.21
E0902,Employee_902,Headphones,8443.7,4,20-10-2024,East,33774.8
E0903,Employee_903,Laptop,35110.97,2,21-10-2024,South,70221.94
E0904,Employee_904,Printer,35587.36,4,21-10-2024,East,142349.44
E0905,Employee_905,Camera,79617.66,3,22-10-2024,North,238852.98
E0906,Employee_906,Laptop,16075.61,1,23-10-2024,South,16075.61
E0907,Employee_907,Tablet,24913.78,4,24-10-2024,East,99655.12
E0908,Employee_908,Mobile,10002.64,4,24-10-2024,South,40010.56
E0909,Employee_909,Printer,27577.75,2,25-10-2024,East,55155.5
E0910,Employee_910,Laptop,25059.92,3,26-10-2024,West,75179.76
E0911,Employee_911,Smartwatch,36781.43,2,26-10-2024,East,73562.86
E0912,Employee_912,Printer,57977.71,3,27-10-2024,East,173933.13
E0913,Employee_913,Laptop,14998.29,2,28-10-2024,East,29996.58
E0914,Employee_914,Smartwatch,36624.85,4,29-10-2024,East,146499.4
E0915,Employee_915,Laptop,36876.11,4,29-10-2024,West,147504.44
E0916,Employee_916,Mobile,58691.52,1,30-10-2024,North,58691.52
E0917,Employee_917,Mobile,73105.36,4,31-10-2024,West,292421.44
E0918,Employee_918,Smartwatch,49958.42,5,01-11-2024,North,249792.1
E0919,Employee_919,Laptop,35925.36,4,01-11-2024,North,143701.44
E0920,Employee_920,Camera,51878.61,5,02-11-2024,West,259393.05
E0921,Employee_921,Mobile,63735.27,4,03-11-2024,South,254941.08
E0922,Employee_922,Mobile,6473.93,5,04-11-2024,North,32369.65
E0923,Employee_923,Mobile,54352.34,5,04-11-2024,West,271761.7
E0924,Employee_924,Headphones,33684.4,4,05-11-2024,East,134737.6
E0925,Employee_925,Printer,42020.71,5,06-11-2024,West,210103.55
E0926,Employee_926,Laptop,60492.04,1,06-11-2024,North,60492.04
E0927,Employee_927,Camera,14478.96,3,07-11-2024,South,43436.88
E0928,Employee_928,Mobile,4428.97,5,08-11-2024,South,22144.85
E0929,Employee_929,Headphones,68196.21,5,09-11-2024,South,340981.05
E0930,Employee_930,Printer,54890.93,1,09-11-2024,East,54890.93
E0931,Employee_931,Tablet,36177.48,1,10-11-2024,West,36177.48
E0932,Employee_932,Smartwatch,11845.94,2,11-11-2024,West,23691.88
E0933,Employee_933,Tablet,20407.64,3,12-11-2024,South,61222.92
E0934,Employee_934,Mobile,52322.7,2,12-11-2024,East,104645.4
E0935,Employee_935,Camera,30247.75,5,13-11-2024,South,151238.75
E0936,Employee_936,Camera,76058.43,1,14-11-2024,North,76058.43
E0937,Employee_937,Printer,4526.06,5,14-11-2024,West,22630.3
E0938,Employee_938,Printer,13968.18,4,15-11-2024,East,55872.72
E0939,Employee_939,Laptop,37093.96,3,16-11-2024,South,111281.88
E0940,Employee_940,Smartwatch,30935.23,4,17-11-2024,East,123740.92
E0941,Employee_941,Smartwatch,36627.26,1,17-11-2024,North,36627.26
E0942,Employee_942,Mobile,7997.06,1,18-11-2024,North,7997.06
E0943,Employee_943,Tablet,12740.22,1,19-11-2024,West,12740.22
E0944,Employee_944,Laptop,30622.1,3,20-11-2024,East,91866.3
E0945,Employee_945,Camera,26522.06,2,20-11-2024,South,53044.12
E0946,Employee_946,Laptop,23737.8,5,21-11-2024,South,118689
E0947,Employee_947,Tablet,76920.56,5,22-11-2024,South,384602.8
E0948,Employee_948,Camera,4021.24,5,23-11-2024,West,20106.2
E0949,Employee_949,Printer,16511.75,5,23-11-2024,North,82558.75
E0950,Employee_950,Headphones,42384.13,5,24-11-2024,South,211920.65
E0951,Employee_951,Headphones,73256.32,2,25-11-2024,West,146512.64
E0952,Employee_952,Printer,11185.36,4,25-11-2024,West,44741.44
E0953,Employee_953,Mobile,62447.23,3,26-11-2024,West,187341.69
E0954,Employee_954,Laptop,56914.95,4,27-11-2024,West,227659.8
E0955,Employee_955,Camera,18736.49,4,28-11-2024,West,74945.96
E0956,Employee_956,Printer,49726.42,5,28-11-2024,West,248632.1
E0957,Employee_957,Smartwatch,56130.49,5,29-11-2024,North,280652.45
E0958,Employee_958,Printer,79893.05,2,30-11-2024,North,159786.1
E0959,Employee_959,Mobile,17613.91,3,01-12-2024,South,52841.73
E0960,Employee_960,Laptop,12586.82,1,01-12-2024,East,12586.82
E0961,Employee_961,Printer,7776.06,4,02-12-2024,North,31104.24
E0962,Employee_962,Smartwatch,15467.2,1,03-12-2024,East,15467.2
E0963,Employee_963,Tablet,57642.85,3,03-12-2024,South,172928.55
E0964,Employee_964,Smartwatch,79786.47,4,04-12-2024,North,319145.88
E0965,Employee_965,Printer,65220.03,1,05-12-2024,North,65220.03
E0966,Employee_966,Camera,77469.78,1,06-12-2024,South,77469.78
E0967,Employee_967,Smartwatch,78952.82,2,06-12-2024,South,157905.64
E0968,Employee_968,Laptop,54091.5,3,07-12-2024,East,162274.5
E0969,Employee_969,Smartwatch,57344.16,3,08-12-2024,East,172032.48
E0970,Employee_970,Camera,44899.78,3,09-12-2024,South,134699.34
E0971,Employee_971,Smartwatch,24648.26,4,09-12-2024,North,98593.04
E0972,Employee_972,Laptop,25396.62,2,10-12-2024,West,50793.24
E0973,Employee_973,Tablet,14285.41,5,11-12-2024,East,71427.05
E0974,Employee_974,Camera,57345.98,4,12-12-2024,South,229383.92
E0975,Employee_975,Headphones,56617.1,3,12-12-2024,North,169851.3
E0976,Employee_976,Printer,15579.1,4,13-12-2024,North,62316.4
E0977,Employee_977,Tablet,30196.39,1,14-12-2024,East,30196.39
E0978,Employee_978,Laptop,19490.85,4,14-12-2024,East,77963.4
E0979,Employee_979,Camera,78840.34,4,15-12-2024,West,315361.36
E0980,Employee_980,Printer,63781.12,3,16-12-2024,East,191343.36
E0981,Employee_981,Tablet,20465.42,1,17-12-2024,West,20465.42
E0982,Employee_982,Laptop,40533.71,3,17-12-2024,South,121601.13
E0983,Employee_983,Smartwatch,30149.93,1,18-12-2024,East,30149.93
E0984,Employee_984,Headphones,46637.64,1,19-12-2024,West,46637.64
E0985,Employee_985,Smartwatch,38457.66,1,20-12-2024,East,38457.66
E0986,Employee_986,Headphones,78674.93,3,20-12-2024,South,236024.79
E0987,Employee_987,Laptop,12122.16,1,21-12-2024,South,12122.16
E0988,Employee_988,Headphones,70971.22,2,22-12-2024,West,141942.44
E0989,Employee_989,Tablet,7128.35,2,22-12-2024,North,14256.7
E0990,Employee_990,Printer,33056.48,5,23-12-2024,South,165282.4
E0991,Employee_991,Smartwatch,57920.82,2,24-12-2024,South,115841.64
E0992,Employee_992,Headphones,39335.88,5,25-12-2024,South,196679.4
E0993,Employee_993,Printer,34042.02,2,25-12-2024,South,68084.04
E0994,Employee_994,Mobile,33935.82,3,26-12-2024,North,101807.46
E0995,Employee_995,Headphones,46842.24,5,27-12-2024,South,234211.2
E0996,Employee_996,Mobile,11775.49,4,28-12-2024,North,47101.96
E0997,Employee_997,Printer,26728.16,4,28-12-2024,East,106912.64
E0998,Employee_998,Camera,7784.87,2,29-12-2024,North,15569.74
E0999,Employee_999,Printer,38334.99,4,30-12-2024,West,153339.96
E1000,Employee_1000,Tablet,42354.08,2,31-12-2024,East,84708.16
